order_id,_id (order_return_id),product_id,seller_id,refund_amount,return_comment,return_status
60eeb6cfb0da0d3db8ccd8a0ca15f272,ff53283fea9141038fbc42205c47e2f8,PRO504,SLR504,225.0,Rotten/damaged product,Returned
e8f10e96c2974b2d58613a46cfef346b,a9cfd9244b944af08e7976a546a6c63c,PRO386,SLR386,0.0,Replaced,Replaced
58279d6e5966be96c8768b58f9a6f983,4265f1aca6fe4f52ba6bf67af4e002ab,PRO162,SLR162,0.0,Replaced,Replaced
fccac901853959f181fab87231145754,492ff66d23ee4674bddb48ba45e203c4,PRO065,SLR065,0.0,Replaced,Replaced
90e5ad6118ea4ea07eb9de3aa9c698d2,fde033883fa14de3ac94065fc3c90f04,PRO650,SLR650,0.0,Replaced,Replaced
8a6e531dd83a94dfe1d87985dd6c4d95,7e7fc30f2a45486f88e436248e70d13a,PRO655,SLR655,0.0,Replaced,Replaced
1916e2d2cdf16f040d6dc7ca1da2f710,ddcc33b892b9473691f8d88fae9ab8d4,PRO540,SLR540,0.0,Replaced,Replaced
e259b06c4b796ae03f30c37990b5e126,d623c5b18b754f77b152531ec72b80c4,PRO926,SLR926,0.0,Replaced,Replaced
4c0b506d42a6b9fe0951c6cc05419141,11856cf207554a83b2c77b5ff59ea463,PRO404,SLR404,0.0,Replaced,Replaced
ee26d089d5c499f52c8d6849d5d437ee,0c092b15139d4e12af008891c396e829,PRO314,SLR314,3495.0,Delievery took way too long.,Returned
5dbdb8a54c3c54da706c4b123ea075bc,77d86c12d0a041c3b140447cf3187281,PRO566,SLR566,0.0,Replaced,Replaced
e2047aaabab2869c1080a51c3e6b64ce,32d096f1fdb643d7baf1bb23cb2c2883,PRO598,SLR598,0.0,Replaced,Replaced
a38b129bded4bc374ba9a5d6333ae9b1,476db4d787a44a7eb02baaa055a22473,PRO399,SLR399,0.0,Replaced,Replaced
13c352b184f81a5ef34fe2d204c2a968,febfd366b2c64f82954d055f071fe33e,PRO129,SLR129,0.0,Replaced,Replaced
8554cb37f7158cb0b082a841d24a4589,e3e47214db5d4696a6f08300a5f9519f,PRO227,SLR227,0.0,Replaced,Replaced
6c89c0053620abe3d5d6a403c0dad5e7,bd750506de2a40f79de0500ba9eaae29,PRO297,SLR297,0.0,Replaced,Replaced
9edb25e5937c67da7b99b6a60b4aae70,3d3a530365e14d3abe7a48b41eefbc3e,PRO618,SLR618,0.0,Replaced,Replaced
56c68bdc0271f13c3037a5bb26d520ad,0002479afce345268e4df081e392481f,PRO023,SLR023,0.0,Replaced,Replaced
fb9bb6436441ba78b79012524ca465c1,4bbb5471205141a788b7a609d5f75381,PRO427,SLR427,0.0,Replaced,Replaced
b8c3df75fc496cd9299a8ff31f483351,9913120c3b574e1c82950510c98eb5e3,PRO462,SLR462,0.0,Replaced,Replaced
970a49012cfe41d81bfd4593b83ce4a5,130a79b3a218497e992460214cbb0534,PRO473,SLR473,0.0,Replaced,Replaced
94e1a02f0937bbffcdff479b763927cf,a4c12d0c1bec450f8645aaca60eeaece,PRO317,SLR317,0.0,Replaced,Replaced
fe19b9548cc24e156387100515c5534b,67a8e6f99c6e4781b081d58fdfef4bb0,PRO753,SLR753,0.0,Replaced,Replaced
6fc4b5c7dea29fb5062b9fb57e3d958e,244a6233b54a4449934e4dc4d728a75a,PRO007,SLR007,0.0,Replaced,Replaced
fd58bdbb6cc5d7519e063c3ceb7e951b,b71b13c317fa47199ddeeeb8e3582a4c,PRO502,SLR502,0.0,Replaced,Replaced
d63ca971879bcbc2bc28cb2b4a8d1c52,6668889385ec43699c18d9a9c1d10dc7,PRO574,SLR574,0.0,Replaced,Replaced
3972121d5ef0dc2053909764a4829594,e8be830abc484ccc8e2d82e8a04ef5ff,PRO352,SLR352,0.0,Replaced,Replaced
aa62e67d7dbefd7e1331d5975f61a404,d88b1c0ec2dc46bb9d91909fad351df6,PRO216,SLR216,0.0,Replaced,Replaced
03ea231452f07988edc699573fb971d7,a948e7a499014ceb8991e58788a9dbbc,PRO402,SLR402,1458.0,False/Misguiding information regarding product.,Returned
cb2932cadedc450a82a49823652f35f9,697e21ba77c143eb804d92d058bd0117,PRO530,SLR530,0.0,Replaced,Replaced
3ff1a97af462ca0dafa98d5914729e86,81869b75b0d94d1ab03acf202699a589,PRO654,SLR654,0.0,Replaced,Replaced
4331b358b6444eb8646111a7e7ee41a9,0779c54a35cc4e709b8df28f2557726b,PRO117,SLR117,0.0,Replaced,Replaced
7cf3887824504a66be11bf1bab9fca46,e77d33461335498d909e612701addf01,PRO703,SLR703,0.0,Replaced,Replaced
5ce08134a7e1f35b93fe223acef734bf,1b891a324c0e4354af2ae3f61ae215af,PRO710,SLR710,0.0,Replaced,Replaced
6c68a23b65de2e78101213c5c3a93cbb,2d8bb41512ee42fb9878d1aea5651df4,PRO322,SLR322,0.0,Replaced,Replaced
11bc84df322a800171eefbc060d1b69f,e31db1d1d21f4a8e9bb1afdf1b174cd9,PRO237,SLR237,0.0,Replaced,Replaced
4be1a4a38ca262d7488a14c64e13e143,ff3ac0e7489043fa8794133b833f6d97,PRO268,SLR268,0.0,Replaced,Replaced
058b8a9dbc89de84bb37a54c8c5be44d,16de086692474bff867f999e3af1346e,PRO228,SLR228,0.0,Replaced,Replaced
d1142640ffde00a5ea942d37238ec5f8,74ceb3e194974242a500c6daec16372e,PRO295,SLR295,0.0,Replaced,Replaced
37197f05f26b5e5d97737023edcc9216,1c91269c044841d99582f93bac697471,PRO040,SLR040,0.0,Replaced,Replaced
4feb155d6d4d8b2ba3191d90655f3b99,6dbd796f18b94269b14f4435f1c0c416,PRO118,SLR118,0.0,Replaced,Replaced
6a1ef716317c7b4817987c723669c2a6,09ab5dd01c5d42fcbf4ebb977683c6b7,PRO592,SLR592,0.0,Replaced,Replaced
d9773132aa1151c56c6f940c8d29cc0a,fdebf76cc4e4457e9b20df10576d035c,PRO255,SLR255,0.0,Replaced,Replaced
7e7c6416e3aece73d5dda3fc6f33a044,1a2496cc830846d49a35244b7afef11b,PRO077,SLR077,675.0,Delievery took way too long.,Returned
798311fa3620844fda6b22131873887a,b0ec3e64a0d84beb8243ffd097fef447,PRO825,SLR825,0.0,Replaced,Replaced
a1c5f97c5f7e4d6c18ae98e5fa287550,10c8b8a8da6f490f9f08c7b5cf976675,PRO491,SLR491,0.0,Replaced,Replaced
8363d443c31df471966f714d848f570c,352f8327d63041519170de0b5e941a7d,PRO080,SLR080,280.0,NOT fresh product.,Returned
1a496064ceafeee379d9a37e8010e7e5,1a35a28354fe400ba4c0ac77dfe34803,PRO107,SLR107,0.0,Replaced,Replaced
336e61d8549194b7cb044eb279d12d3d,6cea909e7a1a41c7926b78910a9fc29c,PRO167,SLR167,0.0,Replaced,Replaced
93a26c907f3cb027c20d10eb353ba175,77fe900dbbc847e09eae08a4200b0c7b,PRO433,SLR433,0.0,Replaced,Replaced
7ceb3c8bbf48eaa776064d56012afbc1,00fb91c79c2f4c94a6cce89e78c7a4d2,PRO043,SLR043,0.0,Replaced,Replaced
048fc26beee4f076edae01e578a13fc8,d102523b2a794392b37075c36d41db24,PRO462,SLR462,0.0,Replaced,Replaced
243e51c6daa403a763ee38c31ebdb883,4df59074d88c4cafad5f16863d37352c,PRO926,SLR926,0.0,Replaced,Replaced
096ed3a5b211031b766db9362e5b5acf,32fe30d634d6448aa799fdc9b2a06d78,PRO551,SLR551,0.0,Replaced,Replaced
42053bb062d0d5bb79db26888b6f50aa,d530c842f9e44e0aac80e50b155ebe01,PRO638,SLR638,0.0,Replaced,Replaced
3f1d249edba2aa6c515b7d62c5b0641f,cc8514198bf642418ae4f64baaea4c2a,PRO179,SLR179,0.0,Replaced,Replaced
b7a3ee4c9793186db0906974936a0cab,8225892c83ad48b587e886fafb89b3fd,PRO475,SLR475,6480.0,Found somewhere else at better deal.,Returned
19367a2c7e1dce7c26afa959e0581da2,94cbf4cbd87a4398b12cd5dc4cc7fc83,PRO423,SLR423,0.0,Replaced,Replaced
8051026f0cea5b93df6bf42cdf1aaa74,6d49ca9be5954611b07280a1b8d26169,PRO095,SLR095,0.0,Replaced,Replaced
52b7fa35b1e5c8bdea5869804dced415,fec0f591b1a948a5bed4ad7593c833a9,PRO049,SLR049,315.0,Too much chemicals.,Returned
d27a4fbd0d3a4cfdf8a109dd88743502,2dc9ecbadc104f2f983199f2e8ebdc7d,PRO775,SLR775,0.0,Replaced,Replaced
76a2657666ce6a681245c40f6e019f02,8f9c4fd5c5b74703a87b5c0ff247d7fc,PRO315,SLR315,0.0,Replaced,Replaced
79151db05c0fc610003d38e917bbb5fe,73458f8ae7794a44883973474a0c880c,PRO872,SLR872,0.0,Replaced,Replaced
b838ad168e49e794a3ca0c60107a3851,85f06a8e993541d583ebaf197a503491,PRO704,SLR704,0.0,Replaced,Replaced
c00b4f2c634bb01fb074795268bd1a6c,2ebf210b659d4d8c9efcade7b1e348d1,PRO154,SLR154,0.0,Replaced,Replaced
c516d2f709c6364f4972d91c96569568,530b9f8f63af4cbf91eff1e6cec4bcc4,PRO535,SLR535,0.0,Replaced,Replaced
fc0505833ea55953cb885d6694daa689,aaa7e8484219413aa146e82a07f0f813,PRO068,SLR068,0.0,Replaced,Replaced
85a543ebc5aa8bcbbf7974c03ed49ca2,eef297ac8c6b461c935882a9af1efc43,PRO824,SLR824,0.0,Replaced,Replaced
f91a6274f42705db22d06ba516968a56,6f456f2127fb4593aebb0349ad5ef1f8,PRO489,SLR489,0.0,Replaced,Replaced
a34ee4377977a9fb56e0f98a503f0dda,b2d59ef28daa43bdb0e2798a20396bce,PRO919,SLR919,0.0,Replaced,Replaced
972c2e78e9af23a750a48184aadfca4d,68511b50ab7c450d9fc49d411335d3c1,PRO761,SLR761,0.0,Replaced,Replaced
e20e297c2b95d890b7a5eaa278c82ce2,a80a3d48a9b8409fa957354100b49bfa,PRO157,SLR157,0.0,Replaced,Replaced
02f2f6063eb01b5e6e29bda347635389,90bf15c5a91f4cb7bbc1a7dc80d28aaa,PRO260,SLR260,0.0,Replaced,Replaced
d6e170b889c3bb4770d46aaa63e498eb,bd641447c49f4f80bc2af7cb009e09b2,PRO502,SLR502,9471.0,Found somewhere else at better deal.,Returned
4b9d1bbbeed0481ecc124c66e355896f,f2622a624543426c83ea17658cfb5dd9,PRO321,SLR321,0.0,Replaced,Replaced
783c795ca45c01ac1ebe459d8c26751d,9bce5417913a4c1d85d9bf05ce027aed,PRO852,SLR852,0.0,Replaced,Replaced
6dcf745ce57950a1212195d3559b1a85,986befcac9534a60a99d27de392ab586,PRO554,SLR554,0.0,Replaced,Replaced
cdeb95d04a566b4de93cb6ae160e1123,bdbc42d690b142ec99f29ad9bd218479,PRO758,SLR758,0.0,Replaced,Replaced
f7e9f0f0c92fa9d46dc73e8f6d28ab96,cf3d6e2b636b4f04a3ba0d5c9e2fa424,PRO164,SLR164,0.0,Replaced,Replaced
2d83d958baea20397308a058ed0bc186,f7dbc7b4a4784c5fa6fd2645dfbdd9d3,PRO346,SLR346,0.0,Replaced,Replaced
9ba5f335615c19f72ea3979596379dec,ab2511958eea47c88e83ff2084e1d3a5,PRO924,SLR924,0.0,Replaced,Replaced
251aa2c943f75ad00a62107e4a9e83ec,3d5a2c9f5b48464f9001129dbda2e984,PRO655,SLR655,745.0,Found somewhere else at better deal.,Returned
7a952bb8b9ec22220fd799cd8f9f8af7,c4f884aeec6b4a2aaae693ffd3b1007d,PRO282,SLR282,0.0,Replaced,Replaced
51db60a37211444535ec72de7673fa41,b6441a63b357469d9369eb1c02bb9d6e,PRO104,SLR104,3250.0,NOT fresh product.,Returned
71d9e0a457c4ad4c8ecc9f38a1c0f739,66c5563385df431b84e5d2e550a76559,PRO696,SLR696,0.0,Replaced,Replaced
e93728e408aedf27cdd31aaebdca3638,dabae003b5a24e5492970e3ba6334000,PRO526,SLR526,282.0,Not satisfied with Product Quality,Returned
f22ef2baecb171381117e0ce752cf282,989c80f486d7452b985ad3d0e3c852da,PRO724,SLR724,0.0,Replaced,Replaced
04401428491f4e0e839e31e835c5e7bd,7a56f8c58aec4976bc303486fe3ade11,PRO620,SLR620,0.0,Replaced,Replaced
9a3581c4e55c2447416ca021ccfd98e1,6ce2672a0daf464197df49f01b15487e,PRO681,SLR681,0.0,Replaced,Replaced
9ab8b682f4ecc3c07216e7376007829e,3bf265ca222340c598605d7ce8cfb421,PRO152,SLR152,0.0,Replaced,Replaced
1edf6220f293bb806c6d390700ccccd6,04f000b2822b4b43948176a5a746ee03,PRO687,SLR687,0.0,Replaced,Replaced
3e4c1f31ec362fab325d2bd1201a7c0a,5e837b429eb549959079395d6f647185,PRO855,SLR855,0.0,Replaced,Replaced
f58228001d45c09c8447ef1f2fa6a2df,bd383701f4464364aa96d7c9a9883aac,PRO029,SLR029,0.0,Replaced,Replaced
603d99954d45262efae58a9827c7f02a,94f9d3113a7e4e45bf1b681f16ebd932,PRO128,SLR128,0.0,Replaced,Replaced
64aa186c83c16e6eb70b837e8b86717f,b6dcd5ec004b4c3698d560ea0a4d2a07,PRO258,SLR258,0.0,Replaced,Replaced
e1faf9211232539926d65299a9067f98,2ac9bbab72ed4fb58d7a8da3127f4813,PRO038,SLR038,0.0,Replaced,Replaced
f7d546d5833e27f1f2815dc05d94b4c0,0b074d62d8ea4468a6d829fd5aae38da,PRO282,SLR282,0.0,Replaced,Replaced
6e496cc6275d951e01ba4a1e527d6d69,a16312c86d904e2f879af0742d7c6188,PRO550,SLR550,0.0,Replaced,Replaced
c5d9ec893ee95eb55c4fa513cc606582,6f1df2fc236844059ae508ed58c70c1d,PRO594,SLR594,0.0,Replaced,Replaced
be75420cd32a5c26b69ec360e62b65f1,5396513c7b92461e978741aada6ada0e,PRO507,SLR507,0.0,Replaced,Replaced
19431fe913eb8d2bd34af4f9bbec2d44,c6ab1ae7fed341369abd104e9a75ed61,PRO010,SLR010,0.0,Replaced,Replaced
a99b675cd2dcd649c283ec1ba49b92af,e4d855cad5a14e7695aebd2032a3172e,PRO451,SLR451,0.0,Replaced,Replaced
4e80d0b6c184e0495126f54469869365,edb19a8e826747eda528389958107743,PRO623,SLR623,0.0,Replaced,Replaced
2d58fd72f5132f237b78fe897e578603,3d7fb75336854a8da2c88cd8a860789b,PRO882,SLR882,0.0,Replaced,Replaced
98bc9215b10e8738ca566a0fa7e49b1c,a18be9582ee64dc0b441279010fe6ba7,PRO728,SLR728,0.0,Replaced,Replaced
28116a9f673362aaa7a4349192ad5e61,d282987574e14c56a8da1e677ad1e8a1,PRO112,SLR112,0.0,Replaced,Replaced
e5fd5e805f5dc431020bf61dcf6f56ae,7ae04371cfdf453d89bb8c735bebc428,PRO346,SLR346,0.0,Replaced,Replaced
14083f06e3e4bf1cd90b09251b0b7061,24545140348649f38d034a2537b3dd9a,PRO354,SLR354,0.0,Replaced,Replaced
a79e71cf3a8c8b52b0fe82c772927688,c316b9252f044f64a72d55697d8bc787,PRO425,SLR425,0.0,Replaced,Replaced
c9c861f958460742bade4f8d297e4d6f,447d625f83f54bb1802cb7826cd56334,PRO593,SLR593,0.0,Replaced,Replaced
b047dac5341ea96271595f661f547ede,91629358907a4958b11cf7a00b0846de,PRO151,SLR151,0.0,Replaced,Replaced
f040040c63fb4164125917af2fa6d4b4,9101f02cef0e4763b6313272763f4ad0,PRO007,SLR007,0.0,Replaced,Replaced
76437a7cb17e400752d72fe54dd85c77,6b736cf86659484eae7b13223c7733f0,PRO082,SLR082,0.0,Replaced,Replaced
ac2403ebd2706b3bd5399ac7ef4ea9e7,69e8e1d511334ab5ad17df620b79aab7,PRO409,SLR409,2422.0,Damaged product due to poor delievery service,Returned
a0f9594b2c2253769e88d55a77a469c6,a0a4ce4a7b444891b66eb52ee5f4d684,PRO066,SLR066,0.0,Replaced,Replaced
62204efd019113a34dfac291b2749b8e,0272a786e8b74cabab2e392638098fd6,PRO918,SLR918,0.0,Replaced,Replaced
a52c52c656d3b3ef3ec72fcdc13c714f,d9ec856a16fc4e3a9ccc4a3ae6c79876,PRO479,SLR479,0.0,Replaced,Replaced
1a611328643ae11146ba09a4425d2e12,7fe4031c470c423582b41d13000077c2,PRO760,SLR760,0.0,Replaced,Replaced
7298c59b5da4477e170e4559e3f13153,dc6e9402e83947fea624b29f4e5c837c,PRO613,SLR613,0.0,Replaced,Replaced
3ce23ec58b30f84a32003c7bf535d14f,60042b656b254dffa1cf9bbc13a88662,PRO601,SLR601,0.0,Replaced,Replaced
bee3c772bf29c9b56628b4fc2206fc9a,a7bd9f8b15db42ec87678a84dbe9ecc3,PRO905,SLR905,0.0,Replaced,Replaced
3cb894b9d2fb0fa0ba040e556b246c07,459ca9ebddc44244b2c78347a21278b4,PRO878,SLR878,0.0,Replaced,Replaced
f62d2e0e462fb59c81df0b389e883027,36c8248a6c7540b9b36f480b623bcea1,PRO422,SLR422,0.0,Replaced,Replaced
94cbbe30434a51f71837965608aa41e1,14da269da28343df8af3dd9db69f5278,PRO511,SLR511,0.0,Replaced,Replaced
104b8d0ca41aec23f0847323c4cb8177,692f615999e94e2d816680e971734650,PRO335,SLR335,0.0,Replaced,Replaced
c50f3e0160539b3da33e3cea55871c05,6c4f9317b0414e2295e2d74628d89b37,PRO650,SLR650,0.0,Replaced,Replaced
6c8c2eaa3f73e88dd6dec1b8e00648e3,aecc8da1494e427985b4c1fda2290ef6,PRO422,SLR422,0.0,Replaced,Replaced
3ae4d97402b1cec4506cad07762d0adc,848722254bd6489b92a8671987bd72f6,PRO595,SLR595,0.0,Replaced,Replaced
e0a50ed7a5ce30e34da29ca222748a5c,8abed1c9f68f40c28b8ae3412bd14786,PRO654,SLR654,0.0,Replaced,Replaced
9f7be9e6940b2bfd52658daa8005d265,d831257d431140c9a1b6d82531644160,PRO606,SLR606,0.0,Replaced,Replaced
40e4b27fe658a1c1e627e503b29ef734,805f1a0673aa4bcba5c6b83465ffe955,PRO221,SLR221,0.0,Replaced,Replaced
c39c44584dde0d84f912a395af0bef21,0a4283eb176047afa0258e494d310933,PRO582,SLR582,0.0,Replaced,Replaced
b9ea5c162239db0802dc052780f572c9,550a15fedc2c479cb3882154871a0deb,PRO384,SLR384,0.0,Replaced,Replaced
852d24d230e0038f83e1337c4ab06147,dba5ee8fb69f42e8b68fa607844cae40,PRO211,SLR211,0.0,Replaced,Replaced
4a5906e48505c6f9113eb64d283949a6,46fc70d2e0ee4bf99c1f1145f1b923a7,PRO056,SLR056,0.0,Replaced,Replaced
45bff70fb7b99a5a33bc8ccb3786e170,f9f473299ec248708faef5bc24f2f5f3,PRO546,SLR546,0.0,Replaced,Replaced
dcc63ba3bf0ced293f88135e0b666ec6,1e107efd66f948c6b51d762dc312d88a,PRO432,SLR432,0.0,Replaced,Replaced
97b1082dbd479f678e3eda517490413c,ea058d3da0084f9da38f8cd2819058d3,PRO501,SLR501,0.0,Replaced,Replaced
8e743fa5bfb68898e6435685df2c2fd5,ae7713bbee424e69a87fd25cb64f0fb1,PRO767,SLR767,0.0,Replaced,Replaced
138154e59536bfac1cccbc4198385c08,a8c30bb1f6c3499581516a5d69d3b7f2,PRO184,SLR184,0.0,Replaced,Replaced
fa8ce665c349b97a0d3becbcbd37c849,0846a726add244668446a8fc5e27ca90,PRO248,SLR248,8789.0,Rotten/damaged product,Returned
549eaa78237c5a5c9ca1cc4a8d812208,6cbc5663e06242e095d76df2bc140f85,PRO781,SLR781,0.0,Replaced,Replaced
97b4d83323a5917d5df6ff4581daaaec,75d07545dbd244be9280e76ca1ccea56,PRO400,SLR400,0.0,Replaced,Replaced
40b2dd4813a685a119ff6fd2d213ca88,202fb1be60774779817af51ea00ba8e3,PRO772,SLR772,0.0,Replaced,Replaced
03b2144a8822e91cc05da7907f21ea1f,7b33b6d4e510466aac054be8baf8de2a,PRO064,SLR064,0.0,Replaced,Replaced
0fafae9d817a5c3ce897f22d801b7395,182aaa313d2e44cfbe890fb0420e9dfd,PRO717,SLR717,2853.0,Damaged product due to poor delievery service,Returned
5e6e3eec3b411047e8c1c16dd5b97b02,f849da7f13a94fd6b19b517c32b910e1,PRO829,SLR829,0.0,Replaced,Replaced
279976cba5252901895ff5af44890cca,a268caa69ef34a53aaa010d55ce46881,PRO771,SLR771,0.0,Replaced,Replaced
cb5fbb27c5009572818e03f9e690edf2,4872e99839b74c31a9ec9103dc9e618c,PRO633,SLR633,0.0,Replaced,Replaced
19eab825a1c06f76aa724771ac4db143,261327b885f24f9e8b935d9c86782030,PRO466,SLR466,0.0,Replaced,Replaced
956e905489c92b9c9478e8bd23609261,9d184cbc74d9405288447c6f62eeef9d,PRO372,SLR372,0.0,Replaced,Replaced
0437be9eb5f6b26660f0b5eafd1b1994,50888362a3b9498b9ae2b1b1fa2c79af,PRO201,SLR201,0.0,Replaced,Replaced
06c0d448cbbe294852cab1310c63ab3b,9b69d14416b74ce3b8ce5f2199405e9a,PRO135,SLR135,810.0,NOT fresh product.,Returned
fa4e39af0cabdc0f91adcba174a63b69,cd3bbb039a5544d58145230bd534b9d8,PRO591,SLR591,0.0,Replaced,Replaced
eeb175313bdbdfcd44f5d207beebc97a,5177a46f980b4e75aaeb27a64eb3e7eb,PRO810,SLR810,0.0,Replaced,Replaced
0828ce181ff4d87d201f07043986d0d2,394345936bca4c4b9c56e36c1833322b,PRO472,SLR472,0.0,Replaced,Replaced
75e0647c26de647eca3421e9cc66c9da,ca5fdc680abd45ba854c0476bced22b1,PRO869,SLR869,0.0,Replaced,Replaced
9547786c84d40d35e99e684fdb1fe97b,04569f4687884123ab746c2d329fc193,PRO468,SLR468,0.0,Replaced,Replaced
ce8690397f7d93704f8d39df619190fa,0ab7b1506380484b943487736ee86daf,PRO534,SLR534,2022.0,Delievery took way too long.,Returned
873d4128c75191d026aa58258ea7a5f8,d57d7184e1fb4fd99ef367a1e563d5e8,PRO435,SLR435,0.0,Replaced,Replaced
a3efa89d25b51667d526208e03ec60a8,43c0eeb7431841cd8e4f380ce0826e19,PRO211,SLR211,0.0,Replaced,Replaced
995392413cee61cc1fcec9807870ea8c,b6834a80e60f4ff2acbcd89fd27561d5,PRO898,SLR898,290.0,NOT fresh product.,Returned
1b4255d9c878894e1d30af0d984c9c7f,d83469a5bd3944309a87c18413ac9be7,PRO894,SLR894,0.0,Replaced,Replaced
9003cc0e30b2b21adb912a390fe9bb68,2d47afb6b1f6485aa69e008df5744d3f,PRO319,SLR319,0.0,Replaced,Replaced
78e0775b7967227a9d6f00277bed69e2,102da534689949cb855456b310bdb912,PRO522,SLR522,0.0,Replaced,Replaced
2d28016c67e1923035d4b20124818a84,40cb9ac2228f40cd974e57ff95c53dcd,PRO464,SLR464,0.0,Replaced,Replaced
bdc0bd072186ba7097165ec74875f0eb,1b4d85863bcd4ad3b4b9d2b9ac027aa4,PRO814,SLR814,366.0,Found somewhere else at better deal.,Returned
72221bc9de65dc6a45b9156909d2b6c9,6808c7d2fb4c43a7b659fcff919fc080,PRO137,SLR137,0.0,Replaced,Replaced
56de333dae82ab3c1d1d123e55d882fc,fce9db553a194d8ab43f872c8508f9e8,PRO572,SLR572,0.0,Replaced,Replaced
05aac5a18dcd77932007f57de8650622,19e36c4a58c0477aa8d16f722658088f,PRO591,SLR591,0.0,Replaced,Replaced
ed9cdcd0c62219331616e805ca7a824b,76d88e8a072443bdb808bbb088feb20a,PRO721,SLR721,0.0,Replaced,Replaced
2f11e52d9cc6298d5beeccc09e46778d,0d317f96882c4061ba153dc115ecba77,PRO633,SLR633,129.0,False/Misguiding information regarding product.,Returned
d1aa08ce1dda8d8c9fb022c9e67b496b,f4e55a088c29402aa6c148774b8c0410,PRO407,SLR407,0.0,Replaced,Replaced
c2d9d0e0c3a188dd8c70809844767fa5,54abf8ce31ab40fd8fa576a7ba259b2b,PRO158,SLR158,0.0,Replaced,Replaced
0e782c3705510e717d28907746cbda82,31aa1859a12c4d0f87e352463364105d,PRO154,SLR154,0.0,Replaced,Replaced
91375775b1203d41f95ade228721b3a5,2e31e3fb372244959711678fc2c03e6e,PRO208,SLR208,0.0,Replaced,Replaced
6f515d972f4d8919ae573a155ab2d9bf,934d7e0e17bc4beabb03a6f1ab5c2cea,PRO845,SLR845,0.0,Replaced,Replaced
2c2c8f9fa930b610e7d6033fcedf581e,dbf2eade3f234c59b047e39cd9197020,PRO441,SLR441,0.0,Replaced,Replaced
601aeff176a15b40925c874c87b0cc16,c368e5a7cfc344f3a6bfa3a845ad25bc,PRO560,SLR560,0.0,Replaced,Replaced
f5420da2ab4fb78fd5a967b64cb43acd,219e88be72894e8aa9c0dd1424e592c4,PRO072,SLR072,350.0,NOT fresh product.,Returned
534e2b783c1e84bc830f3f372a31ba0b,c4986a732c7c425ea80958bbc149a4e6,PRO322,SLR322,0.0,Replaced,Replaced
80700def3189230fc60069139112527d,f3f211f0268a42a7979e597f108c9826,PRO051,SLR051,0.0,Replaced,Replaced
b0ff8ff92f8d916fa2e8005cd8e1a135,95e1f53642ca4d91a77753691f973eb2,PRO379,SLR379,0.0,Replaced,Replaced
fc4de496aefe84390ddbb5471ace9a8c,e9659156101d45bab6bd858a5213582e,PRO379,SLR379,0.0,Replaced,Replaced
41b3745609d5c6c750f838cae9f18804,677bb47b54ba433da7d1022c99733d2e,PRO481,SLR481,0.0,Replaced,Replaced
e409123d7599a3a34c467521576b05fb,de1baacae3034347940f38d05536bb9c,PRO280,SLR280,0.0,Replaced,Replaced
b6502edb6fe39f81f15fd2e42c725ed6,c069d650d9bd42128072347a38d28f1d,PRO140,SLR140,0.0,Replaced,Replaced
8b0a3fa9105cb91fa07e9a8e0cda8962,ece5507814be440889260e69dc3d16d6,PRO555,SLR555,0.0,Replaced,Replaced
a4736d7f64163c9072e4aaeeb18f3aa8,9dce7d57447441738645bcf1b4395c6e,PRO361,SLR361,0.0,Replaced,Replaced
a8d69f3045be9fa0ea3aac3971741980,99e3f30d1a52450aa082a739888528c8,PRO270,SLR270,1556.0,Damaged product due to poor delievery service,Returned
90855e99e15fa22aff68cdb4323b27c9,7b455a795fd94b8da6cb269e158a0eb0,PRO416,SLR416,0.0,Replaced,Replaced
ff6c4756c64b5b474194ac300f8b45fd,acf4d62a81c34c388339b705f57b5e58,PRO843,SLR843,0.0,Replaced,Replaced
6ee68064c217ce0b644b6e3bea56d50e,b40b456d82494ed480ee3f9634cdb014,PRO202,SLR202,0.0,Replaced,Replaced
ca46eb68fae2bde83aab2f0400cabf6c,7ecfdfece45646b0a015e803239a10da,PRO232,SLR232,2025.0,False/Misguiding information regarding product.,Returned
c9366610830b7af26c954d0b6c1f68d7,9bc358189c4e406a82994238629577ed,PRO817,SLR817,0.0,Replaced,Replaced
16725237f8f6e32f876dfeca7624063f,d15791665f0b46b2a1026fc1be88f9d5,PRO535,SLR535,0.0,Replaced,Replaced
d9518a786caa6b0fb0f1be3f27664a09,ae335aa35a284229a6525c0ece5de428,PRO179,SLR179,0.0,Replaced,Replaced
1a35a638a0ccea24d66ae229e2d5d9d8,3a30680a4f314f62a7f8098bde3ba6f7,PRO708,SLR708,0.0,Replaced,Replaced
e19a1b398beea6784e6dc219eb0a6a89,3711818ee7524155ad9e4cece8944059,PRO187,SLR187,0.0,Replaced,Replaced
7135f4f1e5b1446f684e07b10b5b057b,3f67f5367c5d4c0290d910f463664c85,PRO808,SLR808,5731.0,Too much chemicals.,Returned
dba2f75a725a75eb4c18afc504088084,29a6ada9b59f45978dd69b0fe11456c9,PRO299,SLR299,0.0,Replaced,Replaced
adff109236fcf060cf7989c67c4280a5,e533db11b0004d7f97a94afb6de0af9f,PRO101,SLR101,0.0,Replaced,Replaced
803d00122f7202a5dc14ec896930c5a2,a8200f3183e1404aba353710502e28c4,PRO477,SLR477,532.0,Delievery took way too long.,Returned
6a9ea3a6a0a791f6c34b8145d6cbd42a,be8adf0d59e449b1a49c2757d3b6e1ac,PRO429,SLR429,0.0,Replaced,Replaced
d60b2bc250dbee7d1cffe229a0575233,d4cc33d881e94eb7a993f36aefe10196,PRO005,SLR005,0.0,Replaced,Replaced
94cbbe30434a51f71837965608aa41e1,2865ea1e73b64166a7d52b6a3ff7b426,PRO364,SLR364,0.0,Replaced,Replaced
5f07fda0de6271f38a81a1dd718c7a82,98ee960629844fafbb31c3fe687773d6,PRO464,SLR464,0.0,Replaced,Replaced
a350e8cd63ddb81fb38898d3666a5e8c,b659c76178c447e8b85634f99d038c19,PRO469,SLR469,0.0,Replaced,Replaced
2cf8310e7bc2b7b41f5179aab91407cc,68a1240374a244f48942fbbc3e3b12bd,PRO729,SLR729,0.0,Replaced,Replaced
35f7b5bd54e85367e42167d104f06813,77617604cc5c47cc981f4fbf258ab27f,PRO719,SLR719,1470.0,Too much chemicals.,Returned
2bea071a4b1ffc8f01204ba3f0721ac1,751564a297a643379f71983a362e8d9a,PRO570,SLR570,8495.0,Found somewhere else at better deal.,Returned
2e1071b4baf7fcace9e44057dbc32fbd,39d5f5b269fb4985bdc2ae0fa17aab9a,PRO515,SLR515,0.0,Replaced,Replaced
b4172815f53972366f125cc2b0e28ca7,9e4104ce43b1425a99c160485c4f2f49,PRO702,SLR702,0.0,Replaced,Replaced
5739eb8dc1389c46e5ff8fc605a6ba44,91ee823feee540b9af95299c60712517,PRO854,SLR854,0.0,Replaced,Replaced
3a4a16a0abedcdaf512f9c1a791049c0,5f3d8003bde144f98d37718834c7a8ef,PRO303,SLR303,0.0,Replaced,Replaced
48ff0f8a939349e708998008053afbc7,4a0f567f63b746aa856635221a974773,PRO360,SLR360,0.0,Replaced,Replaced
b97ca938c0a55ff9a5b2a89081b4b677,4dc3ab28e28e4163ac3bdfcfc461738f,PRO831,SLR831,0.0,Replaced,Replaced
27d948e8e3d9abb11648cfa05b1ce3f7,dad7e50c68c24a408c392fa150ce4989,PRO512,SLR512,0.0,Replaced,Replaced
159844b19db2d2dc59a55ee69a971226,711b40d45e92410f86bad4777410ea6f,PRO719,SLR719,0.0,Replaced,Replaced
bae8217e6bc5d06c5c5172a3811ae2a9,3941d46989454430a5b99a28a664fdec,PRO412,SLR412,0.0,Replaced,Replaced
fc673f244cbed55f48d925a2f75e42ea,bc030ba0f177470e810ed4de993e1acf,PRO753,SLR753,792.0,False/Misguiding information regarding product.,Returned
4570fa83dbb31a563e06db0a554b951e,162cdc75f8a04e43be657d6bc0b3329e,PRO067,SLR067,0.0,Replaced,Replaced
ee71a04a26c5bcf135d8af9ff7051c5b,8234bfe162d14f6c920903a4af7333c7,PRO715,SLR715,0.0,Replaced,Replaced
9b50f7793de8963b9d86b762c0e8f05d,ad9b7c1fec7348b5a3329f310ad073a2,PRO019,SLR019,0.0,Replaced,Replaced
9b45de49b277899b23ba41cbb79d3a5e,7003f908147844d3b3361cc0c783ce7f,PRO312,SLR312,0.0,Replaced,Replaced
c1e50c50037af907b9099da2c948e109,1f56753dfab94e20b571346e3948db7e,PRO675,SLR675,0.0,Replaced,Replaced
8e2180a4fcb4cc57d8e0737c95cd4d28,03d906710ad24ec880b41a1abcd4e9f1,PRO270,SLR270,0.0,Replaced,Replaced
73596e67516934a7fe64cc6ca6d75545,1edc8854d7bf4321b577a79ffcdb9382,PRO632,SLR632,0.0,Replaced,Replaced
93bd79ce4cbbcddae2963fd0c72d8f2b,68fb7084c86247ed9833e85b6b983882,PRO160,SLR160,0.0,Replaced,Replaced
a6f9a160004ed7b4b20bb24c1eeb5871,c545157b13c34d058d1fdc65604df628,PRO842,SLR842,0.0,Replaced,Replaced
e8c9b0d66cadc26a3f329d777f0eff7f,91f2148846b44cb5bf0f831fe39a6072,PRO333,SLR333,0.0,Replaced,Replaced
0188ca1fe398161f0f310fec985ac155,bd42138bf6294935abb087ac47d98337,PRO700,SLR700,0.0,Replaced,Replaced
5a5a4a1319679a5e560257abd2fa1273,36100778bc26481abde401e816c4dd3d,PRO446,SLR446,7730.0,Found somewhere else at better deal.,Returned
41944cf624269caf43e02d939e33e8bb,728cd2e6d4444f958ef0032a5022d6c1,PRO589,SLR589,0.0,Replaced,Replaced
1d28088d0d3f5967393dad85006377b2,4418dd0f12724f50a06d48c305c1e2b5,PRO439,SLR439,0.0,Replaced,Replaced
693ef2b7087823ffc033b0d94ec8af49,14d7eadd00a04d8a9d16622c2f2ac287,PRO487,SLR487,0.0,Replaced,Replaced
b759fd8fb2da2c5243753e6d283ea526,f8e05fad867548d69339254f96359118,PRO346,SLR346,0.0,Replaced,Replaced
51e88bc351dd268bb9c9e78d263c4a06,819d4bc2d9b444198a239bb8179e4d37,PRO084,SLR084,0.0,Replaced,Replaced
3bb674c130836b55a540f493a9dde774,557527277e7f44daaaf6ac55efe6ccbc,PRO010,SLR010,2450.0,False/Misguiding information regarding product.,Returned
d7e93c4406d75d381ca84f418c951d9e,49768f874363414cba1235af99dab3a2,PRO496,SLR496,0.0,Replaced,Replaced
a75aad2fd41164a516a1257b45670f4d,67f4d6d47be2466fb10ad6cf6a36b098,PRO681,SLR681,0.0,Replaced,Replaced
8413ac0b09301d03b78adeca5840866f,f9e755c3e9324ba88670350201d75882,PRO528,SLR528,0.0,Replaced,Replaced
95ece076088bebb7ec28703a1f378214,25f3cebe9cbf41a89c2c180290adde92,PRO771,SLR771,0.0,Replaced,Replaced
c9ab589a26297aa7199d3c89b1353254,28e0e6b1b97a4ec99cc756c89e061c3d,PRO342,SLR342,0.0,Replaced,Replaced
9a182d60eae452454100b4604c567d31,dbd4f6acb46e4065b47d238d058b0f49,PRO526,SLR526,0.0,Replaced,Replaced
da0361ddfa13e2463678f03b44cd7c7c,6c1252bf2d234654827c1da0584b6780,PRO329,SLR329,0.0,Replaced,Replaced
0194686a55eb0a869321fb107f4d114a,6542d373407b442791b6607e6e370761,PRO120,SLR120,0.0,Replaced,Replaced
54211b079335a9762f2137bb38792459,bd0b621ac12e465dabf0512449ef8982,PRO278,SLR278,0.0,Replaced,Replaced
40e79cd4423c5d7e9a34fcd1f8b9a76a,b51b03423d984581b3ff5e874b49e4c9,PRO898,SLR898,0.0,Replaced,Replaced
396e93059094c4e5ebf8af645cb91e03,ae76acdfebc941688db3a08581e375b6,PRO616,SLR616,0.0,Replaced,Replaced
fb5d8b462dc9570527eff204b8a1a57b,c7c05ff4ef2b4118b34c798311d7ee3d,PRO248,SLR248,6392.0,Too much chemicals.,Returned
9c983856364a24ce56bf39aea9bb118a,6d3fd8bfbc3e4a19bbfdf7acc1523084,PRO334,SLR334,0.0,Replaced,Replaced
f6d2c5eb0b39fd69a64eb7c65a15ea2e,6741f325c6f84b83b826948508b86a0b,PRO573,SLR573,0.0,Replaced,Replaced
9a610ebeeb1a328f4c7a2ab7ea88ebb7,fe066fd4def74ecdb987bda394e2dc50,PRO354,SLR354,0.0,Replaced,Replaced
e1bf461767c45a8f0abf0a641e6bd449,510488e44518486ea394fbc75dd8fa00,PRO396,SLR396,3501.0,Too much chemicals.,Returned
fc96b98d9e8a75af45c0d41844b50f35,a3417e054eef4f36b28153c9c751bf47,PRO813,SLR813,0.0,Replaced,Replaced
a04a09199fc0fc084effc228a81249eb,53bdf696462f44d7bb3ae417661e62e6,PRO109,SLR109,0.0,Replaced,Replaced
c80e3da5b9dc27c8ab6cd05b1c72daeb,08f3c04a716c487e8cc9ebecc4911c0b,PRO057,SLR057,0.0,Replaced,Replaced
013037c3f1773cc8fdbaf8ff54d8013b,d216a1b6275549689433b05e2ee0b1fd,PRO661,SLR661,0.0,Replaced,Replaced
3a391869ded1afe6a2b03e4205aa9a2c,0ca96aa98b5e4fc4804d5c53e4c5446e,PRO868,SLR868,418.0,Too much chemicals.,Returned
f6ed483455295c6e7544f141244cd981,f6c6df8f0d694ab79394ab185b26b3c7,PRO550,SLR550,520.0,Too much chemicals.,Returned
560459df3c765b876f92c018e728b978,95a9eb0777db423c9a155ec0aacf5efd,PRO667,SLR667,0.0,Replaced,Replaced
b8125d4b9b962404025be64a098d0124,6ca4b846ca3d44299e36a742029c2d82,PRO427,SLR427,0.0,Replaced,Replaced
6eab05774245e7618924a3be1ad46115,b876a2923b924d01ba8dfa8c07a99003,PRO614,SLR614,0.0,Replaced,Replaced
4ceb680ca41b58487fec3e0f33c624ef,af78e865b3aa46d0823d540102c8d6c0,PRO480,SLR480,0.0,Replaced,Replaced
1e14de13248e098b9bc206b9387602eb,c88424b9e77b429aa3c73ba039d82f78,PRO445,SLR445,0.0,Replaced,Replaced
f4eef947e4385f95c5a7184a689fe241,547ad97ff71341c3a3524d9c8e0051de,PRO899,SLR899,0.0,Replaced,Replaced
3591b137120676965cee41e9cdb29cd0,59548dcf275c474db293ace50cf2d8a8,PRO106,SLR106,2000.0,Damaged product due to poor delievery service,Returned
3c8c12fed1b69b5f25e8cd9969113472,9685a01843b74df88ef5f851414787ba,PRO171,SLR171,0.0,Replaced,Replaced
336e6ecb9664903e2d582f1203e5b1ba,dee45af833ce4c248d0ed5548c51900d,PRO060,SLR060,0.0,Replaced,Replaced
349de605467ed7131cc22d614313551a,52c94543a342478b88a61deecc8e0c0d,PRO738,SLR738,2245.0,Delievery took way too long.,Returned
cf937bac66a020cc0077490569f3465b,e8ecd1c3574b4ca687cfeae9b9592ca4,PRO885,SLR885,0.0,Replaced,Replaced
12a6df267536bb8c253d9e7bb8b9e4aa,3e486e18d3a74b66b4d620a247a0ec0e,PRO004,SLR004,0.0,Replaced,Replaced
3b0d3aa4a3663e2dfe9db5717d70d5a9,4720b653c0d64efea5811772f49f5c10,PRO236,SLR236,0.0,Replaced,Replaced
8b9ac5a8d0bb9e3350171b0a7e89cc5e,4e2e220d779843e29d4b5be003fca2ee,PRO473,SLR473,0.0,Replaced,Replaced
63ae84a9387b93ffa05dde71794f61f9,bdda502d14794e1187d1219e77f33985,PRO923,SLR923,0.0,Replaced,Replaced
b6e98ad9c6e0c58c16cd60eafd17c2f3,9aecba230ab64652a6997bd4c4f96179,PRO415,SLR415,0.0,Replaced,Replaced
99c68c77790ea4f61df77b5a84cfa80d,942c06123e3745d9976a139a687dc8db,PRO573,SLR573,0.0,Replaced,Replaced
a5a80d557cce18e3c7f19debbb18bd77,59c949a2cc5e4db79e59905a23021900,PRO447,SLR447,0.0,Replaced,Replaced
6f1ea17aaf0660f7eea41df1f6fc9e27,61179ff8d24d49b38a0e7c92579c2c6f,PRO120,SLR120,0.0,Replaced,Replaced
9b154f568f003a7bb924121e0f6bec40,d8b3cb48c0e544d68bfa95f07072f307,PRO138,SLR138,0.0,Replaced,Replaced
dd8685cc92ade5d98e60812dfaffb087,ae79121db9b6486d8c4a528eb18aee89,PRO803,SLR803,0.0,Replaced,Replaced
ecb4506fc58364816a5133b8abf1f645,361aa2734f9145ce8b85f11e31f9e21c,PRO743,SLR743,0.0,Replaced,Replaced
5e5fbf8badb59c577f84c7f7448704dd,bcce9c8dc9fb4cd0ac5558d918683ec5,PRO698,SLR698,0.0,Replaced,Replaced
7c0bdaba8498278860946b0083d258b8,44d2c5baf354425ea040688e6bbec691,PRO269,SLR269,0.0,Replaced,Replaced
f6ba6de181266b918292db17ba6616b8,3d5b96c2ac8f46aab5ac7617ddba28ca,PRO406,SLR406,0.0,Replaced,Replaced
20799e91aa919ec578d94ad5e818a3bf,fdda59dab15541ebad0b7ce6965ad20a,PRO906,SLR906,0.0,Replaced,Replaced
9af5f003f0da353f6c32a5c5e0c83b39,a26196e38a254f0fb55b6e97cb359c14,PRO765,SLR765,0.0,Replaced,Replaced
7884c6faab9a4bbe9835842887be94cf,9af0d46cfd154945bdf1c3ca2228e259,PRO813,SLR813,339.0,False/Misguiding information regarding product.,Returned
7ed69fbc79fbda50e09caa9c127026e5,92c30aef81834448853b745a6795e6c5,PRO533,SLR533,0.0,Replaced,Replaced
359352820ef7acbc4def738b048f2d6c,a668eb25c92744b0a7f55a5081c4934e,PRO477,SLR477,0.0,Replaced,Replaced
f64dd636875aef9058782fc05a867ec1,cba919a2e5bd4d6d94e29320f62eab79,PRO833,SLR833,972.0,NOT fresh product.,Returned
9ab97695ca406864cd1540e5b4b5d144,424386b389d5439f93bad5c857ce631f,PRO512,SLR512,0.0,Replaced,Replaced
07279e06272270e7cb604d1901a4f374,6912b9c0dcc24feca753ad8983ebb21b,PRO149,SLR149,0.0,Replaced,Replaced
0f0786fde25cb2b2b4cfc59128ef8f83,701bdf4c4dd342b19044617a4cc5238d,PRO682,SLR682,0.0,Replaced,Replaced
1780bf20851f38ed7aae08ee09438f6a,3ecd1de0e9164af8ade59cf63dcfdee1,PRO647,SLR647,279.0,Not satisfied with Product Quality,Returned
b23f8178f3b6555a78a4ad844ed11c57,c0ce50f01154453a92412aaea03d64f7,PRO141,SLR141,0.0,Replaced,Replaced
90c76224c097ab3cc738957b2c204bb0,9ed117259c5749b2a7384dfff0a77d1b,PRO161,SLR161,1430.0,Too much chemicals.,Returned
a0726e4fe3c5c989d0f89d5432c905b1,8059dce50d944a9fb4c8e7977eb61d6e,PRO592,SLR592,0.0,Replaced,Replaced
6714663b6b3db5c838d7590c6a7600e3,eb97bc0548a24ae29b5f8c72bc6f3bf4,PRO692,SLR692,1540.0,Rotten/damaged product,Returned
7f95c99388c7aa1157d5992428f2e94c,364479b7617e4eb0b80aeb8fbd9fcd39,PRO596,SLR596,0.0,Replaced,Replaced
b64c467f4c3c4270ca94367a26503be2,1372ec7b5471412b946b49b29d821f2f,PRO152,SLR152,1684.0,Not satisfied with Product Quality,Returned
d2507bd23d9c9e4c1a37406c22b7cadd,b8a946dc94b448cba16f348ebb0b95f5,PRO807,SLR807,0.0,Replaced,Replaced
df7f29945c1263ebc3b787b14c326b18,789f6d0eb39a40fca4fc2bdfae7e30b4,PRO222,SLR222,7200.0,Delievery took way too long.,Returned
961430048597ac74ad88e6aa0796df23,d350a49d8b1f4cbd9d8f6b7e823efc91,PRO649,SLR649,0.0,Replaced,Replaced
89375eabf1f0c640f093abce3f12a9f3,812c7c35eac747538aabbd790b404956,PRO395,SLR395,0.0,Replaced,Replaced
701346c966bac66c241f305dabd8f61d,8545dc9788b94c5cb0b65b0c902fb34d,PRO456,SLR456,0.0,Replaced,Replaced
da39b7bb959252bc4980dd9bc21d3415,f55241f4a0c844119786307f2913b5c7,PRO703,SLR703,0.0,Replaced,Replaced
6bbd90ca863235a9127bcc432f30af08,5d03811b57f74897966bc76623f6c875,PRO043,SLR043,0.0,Replaced,Replaced
582410aed951be23237a7de715f5f9e8,9ce793805da14452af8e91c28d4f9359,PRO848,SLR848,0.0,Replaced,Replaced
678ec27e8a4c8d92384bd0834f21b308,802c2812503c41918404271e93cbf4d8,PRO655,SLR655,0.0,Replaced,Replaced
e6bae50af8e5b4880276314fd3ef0673,d11fcf1d827e4ad8b1b70fe1686d5fad,PRO232,SLR232,0.0,Replaced,Replaced
e36869cebed0b0d8f600f719ec0b0478,354fe1fc32114badbaae202246e9d363,PRO121,SLR121,0.0,Replaced,Replaced
e7541d63acc69eb0bffae073a401b6ea,9bb3be34d3b64e73a1985c6672fca7c5,PRO854,SLR854,0.0,Replaced,Replaced
79bcc8051d22d7df6b06a2043627ff5a,400353b952e14dcdbd7cd81159372fdb,PRO307,SLR307,0.0,Replaced,Replaced
74b1e5115fb6a89e2e7401e1bcf6fe59,8aec2900bb8346f7978e24faa4e0e588,PRO245,SLR245,0.0,Replaced,Replaced
97d6279a91ffe03ed63041acff508488,28c0fe72b3fc438ba83a92fe92d81688,PRO735,SLR735,0.0,Replaced,Replaced
9609b17631c31335c7ee54d0b9dc5716,c2ce7900786341f59270ad18cc00a1b9,PRO314,SLR314,0.0,Replaced,Replaced
57c33fcace2177cbe5a1a1b7295434b6,0540b2ce83de4e0eacb2a41d2e4bf1e8,PRO134,SLR134,0.0,Replaced,Replaced
4057b2ef485f9beb388fcb296548a5dc,cd46a9ed10ae46ca94c9f3ea3d18f80a,PRO682,SLR682,0.0,Replaced,Replaced
cf27a34836d48e933ab56b845c2337a2,4dc02e9acc6d472b98b1f1a3a4aaab46,PRO108,SLR108,300.0,Delievery took way too long.,Returned
26c084716c9bc79a4c2991046075e05a,d8dce73dcf7c453c919d98152ca09bc7,PRO218,SLR218,0.0,Replaced,Replaced
58862b6204545c832643872387966329,8c2ecc7c44be43909145a4a6a927b324,PRO154,SLR154,0.0,Replaced,Replaced
e79482cdab6fba3d35fd8293343e5aa7,3300f7a2feb4466d81d6f164162060be,PRO377,SLR377,0.0,Replaced,Replaced
fdf6635fc014c7f771754eefe24ff684,4f5516f8e58643b8ac3ae7dbb8a8d537,PRO069,SLR069,0.0,Replaced,Replaced
8772c5e10262ef05600e102a05de7eaf,3bc5571ceb8d4a6885b1be7e65c20453,PRO062,SLR062,0.0,Replaced,Replaced
9a8f4939178c23dddbcf20a52a1fd1c3,0f6ef2214116483cb42411f598661b8a,PRO254,SLR254,0.0,Replaced,Replaced
6c23e2678bf779526bbb96776800a471,57b829207df64fec995037ae5d71a503,PRO653,SLR653,0.0,Replaced,Replaced
d37d89dd6d36e423ff7296dc9482c53e,91278d3457d44b0593c6690c61adeeb6,PRO546,SLR546,0.0,Replaced,Replaced
e5cbee019f9a5bfe36c2144b96b10ea4,bfd0b0d4720345dcae2a97b474653c8e,PRO714,SLR714,0.0,Replaced,Replaced
b77ce1aa2e42c0482b3291e3e269bc10,41e87587a77d42abb57f25a820eac313,PRO480,SLR480,0.0,Replaced,Replaced
2a0d4cb4d13b9552d7556878a2b38f97,8bb35503665f4a0b8b7377677eeafef5,PRO117,SLR117,0.0,Replaced,Replaced
1145f143f8b9670193f18b5793134a75,99e9d662665d487cad76c1f9cc8096d5,PRO398,SLR398,0.0,Replaced,Replaced
d8b32d5403c47d8ee3dadd8efa2fa960,a26b9c6030e24f4e8ea8c1880386efe3,PRO691,SLR691,0.0,Replaced,Replaced
d26e860e3ac65bc579e93d847f16673d,3192d225b3734c5dbc33695a45c9ea7c,PRO611,SLR611,0.0,Replaced,Replaced
6c483afc20c0d15a5d0d7d35e2aa6231,36ce71f6d2bb40ca8d8903c8b9c555fe,PRO046,SLR046,595.0,Rotten/damaged product,Returned
25748bf4790c5ff77d7f5f283fde9129,e3f4bea73f1f4a45b5a0bed611c0ff28,PRO302,SLR302,0.0,Replaced,Replaced
7dadec0b94237bf94991c9e9af701f5e,5d1fa01ec32346879229626280245530,PRO060,SLR060,0.0,Replaced,Replaced
2b2d14ba52a8e26e96997f82fa596480,c9556517d6f44d4f8b6f85e08612cf76,PRO253,SLR253,2097.0,Too much chemicals.,Returned
7ab3f019887a8ff74dfcc7fd1d1d51f9,a4c4adf0cc79407b955dca5c360db2f8,PRO649,SLR649,2920.0,Found somewhere else at better deal.,Returned
104681815892bd134ae796335dcc1e9e,710e2cda4d034b8db067e54e4fd46bb9,PRO662,SLR662,0.0,Replaced,Replaced
d9b18c43acea3eda3c9e95c0c0f98591,1d49e4e988f842379fa845b239a6ee0f,PRO280,SLR280,0.0,Replaced,Replaced
56c68bdc0271f13c3037a5bb26d520ad,f4876a04941b48c3b40595f771807a1d,PRO550,SLR550,0.0,Replaced,Replaced
7e093cfcd0f2a3b150e15125356fc4d3,3ee40d9f5faa46ccbbb3ca7d14f203c7,PRO673,SLR673,0.0,Replaced,Replaced
47241d51bf3749ec7ad04962507ac2df,44e5d887c05c4c1aa540db7a2307025d,PRO157,SLR157,0.0,Replaced,Replaced
6f4e7312027dba2bba5c1b75addfd1ef,7d93d1218b194f0da083f0e9a18b6348,PRO089,SLR089,0.0,Replaced,Replaced
841ff437dd00dac44a738743ae033be0,c94b693e176e4fd2a3336d237bd04d0d,PRO574,SLR574,0.0,Replaced,Replaced
f082f28d8497b7ec4f89389dc373c7a6,1396448e863f4a808b741b91ce5a8c1b,PRO552,SLR552,0.0,Replaced,Replaced
6d57e677a70c56edb8978b8c68afdbb8,f51a6f7d13db414d9559c7cff41621d9,PRO111,SLR111,0.0,Replaced,Replaced
41bb5cee06dbf170878a9ef93ac7e7f5,2e81b559759945ae86b70dcce4221be9,PRO297,SLR297,0.0,Replaced,Replaced
b958654614e94b4600cb336391326045,8ba02507f6b24a6fbadfa590682c5535,PRO655,SLR655,1192.0,Not satisfied with Product Quality,Returned
d116a9f838daeae6ab2e694cad2045f8,b5ccf4ad7c854e4fba23b6795b78c104,PRO890,SLR890,0.0,Replaced,Replaced
b56fe464457abdb77acc8dfc5ed9e205,6e1870af960f49f6889942a7d07bbee4,PRO480,SLR480,0.0,Replaced,Replaced
bcbb11b412d6f57c7a4a9b1d1ff56a13,e18069b0eb38409ca5214385f4b94dd6,PRO806,SLR806,0.0,Replaced,Replaced
6192bdc9139ad21eb4e63055f1a7c8ce,6685b2de83ad458d8e04aea32657114d,PRO617,SLR617,0.0,Replaced,Replaced
b98e8b817c1d851dfd3c4f36e5713c3c,04cc7db6f48f4ca09e2f68fff8c8ad9e,PRO500,SLR500,0.0,Replaced,Replaced
6d4616de4341417e17978fe57aec1c46,66422cb399734d77b0929e3d4daf0e99,PRO557,SLR557,0.0,Replaced,Replaced
3b8a6f4c963d2e04b3d7a0bb8dc84b6e,2ca8045bd3b84e4789b6e5e68a53d88d,PRO151,SLR151,0.0,Replaced,Replaced
489b4af31f96f42648f0c0636a51b289,6f17630f15c34f29994221a69178d8e2,PRO888,SLR888,0.0,Replaced,Replaced
2cb80b6bb30641c14665e1bb8a910872,6175a349a64346c09e818a8d0ccae8e9,PRO385,SLR385,0.0,Replaced,Replaced
e0ecc24cb9353995d68ef51d9fccc54e,8d4089c741b04e7cb7bbaf417cb29047,PRO663,SLR663,0.0,Replaced,Replaced
17b374e5c126d99970336dd8a72bcb91,90ba850c0c014635b985a0223592f46c,PRO450,SLR450,0.0,Replaced,Replaced
10a0be3ae9093afbffac333cf6670922,594668f4d30a4cce9b7c7582cf3e48a2,PRO281,SLR281,0.0,Replaced,Replaced
f3ee55bf50ef2f2318599425ef80107d,d99ad1bc2c554c4588d45d75fc24e7a4,PRO048,SLR048,0.0,Replaced,Replaced
f5306185c917952d794bb6da1280a050,e2550812232f4546b48f548178a690ac,PRO337,SLR337,0.0,Replaced,Replaced
f6e8b0a2438b3f7753f7af393c416c16,c1fd99c3d2bd4ba0bc876d2b2ce5c376,PRO212,SLR212,0.0,Replaced,Replaced
329aacec1c0231ed21bb1e2f8f4dc1e0,f91ae02a7b1d4747a96b0a930abdede1,PRO763,SLR763,0.0,Replaced,Replaced
b51e7cbbbfa8be3170cd749bf5c8d2ba,a7811cc5b9224007808e6da134904080,PRO833,SLR833,3564.0,Too much chemicals.,Returned
4749a1374297f0088e587cf8cd9cc3f6,d2beb985f3ff494bb55dad4a946cb53f,PRO069,SLR069,0.0,Replaced,Replaced
f349cdb62f69c3fae5c4d7d3f3a4a185,bf9a6b53dfb442379d19f1eb19a5fcb2,PRO871,SLR871,0.0,Replaced,Replaced
52cba627ccdd9b94ac5a9be42d31b58a,8b8d2fb8b70f4af0b258fd2af388c4dd,PRO026,SLR026,0.0,Replaced,Replaced
04af00b2ad7756ba45549af1e832d8da,6cb943fa8e774088a9f2ec370991b48d,PRO337,SLR337,0.0,Replaced,Replaced
a53b8f28c69f039a8d9ce5c30b7367a2,896beb1d247543e98ad758f7b7d04012,PRO465,SLR465,0.0,Replaced,Replaced
9dabf3a17045c583bdef7fdb08d07287,9805616a85004cb2a28b08223df37c2c,PRO657,SLR657,0.0,Replaced,Replaced
adad66be45caa015d25e03ed17610197,977f6e7ddfff45ca8bd1d542a1a93f11,PRO588,SLR588,0.0,Replaced,Replaced
424fede77e7b571eca6ff46a2276f8af,d4ca9f4440ba49f993eb386c37240a3d,PRO119,SLR119,0.0,Replaced,Replaced
28ac9e005a274e1eeec0d874ce8e27f9,fe68ccc961e447fbb8f80dbcab99503f,PRO734,SLR734,0.0,Replaced,Replaced
f68b53b6a15fc9a6fd5c86ec6a254a62,ee4c4a77a41640c0bc1c1bde18147785,PRO565,SLR565,0.0,Replaced,Replaced
638a96eb38b5a57ca8cd099c1964842d,9ba97ae7d38d423884b6642605c35fda,PRO540,SLR540,0.0,Replaced,Replaced
bd980aa838a928b56ab1e0a2bf4d7706,9cdcf5db398943a78e5b337488e6407a,PRO456,SLR456,1482.0,Found somewhere else at better deal.,Returned
420f91c697d0c439258fed7df363cdb4,13ae7c28fc75431c9dcdba3fdb4b7af1,PRO117,SLR117,0.0,Replaced,Replaced
f9ea6cc9d3f50070aba77ffd39ef6d13,3cfd15cc88c44217a3f8be144b38c948,PRO917,SLR917,0.0,Replaced,Replaced
6af6633de36925111b10a688783d004b,9262c98a0fe14389962193f534b0d2b5,PRO051,SLR051,0.0,Replaced,Replaced
ca8ff03738f16d623d89e6d57e54715c,d3d8340274fe47c6bb5fe3f84f803952,PRO669,SLR669,0.0,Replaced,Replaced
b0ed825ce4ca8cdc787a4f71bce6fba2,9a6c23ba73ca48e080a82eb2bdbc2dac,PRO894,SLR894,0.0,Replaced,Replaced
6c92e2d397693207d989d46464700492,f634e016139040d9883e4e60f49a107c,PRO106,SLR106,0.0,Replaced,Replaced
5f2f2e0cfc4ea452b16a78eee2ccbc89,f5ea1d7c19214d8aa69bae24ff136fd5,PRO831,SLR831,0.0,Replaced,Replaced
b9b67defe2c737be99d6d3fbeec2e62e,5318dd70bbb54cc3bcb8b55cd0496c55,PRO582,SLR582,0.0,Replaced,Replaced
b0813cb694144c210d05f8c96ef7f2bb,836ab714b79948e4bdd9237acebe824d,PRO619,SLR619,0.0,Replaced,Replaced
8f677798a3e80c02adf52911bf8d145d,d194ac8443b047f9bd0ee89589fb3ab5,PRO098,SLR098,0.0,Replaced,Replaced
bace36fac7a5dc678fe74da327ffb295,438db2bbed3a4941958a182c9a15d9d5,PRO743,SLR743,0.0,Replaced,Replaced
31a1db6df7cda3d38d977182b46e8b88,1460ff342645413d822c4c043bc40ce3,PRO033,SLR033,0.0,Replaced,Replaced
ede12c5ebde30b74b530b13251f2951d,e10d89715b0e455d996e5560e90345b3,PRO013,SLR013,0.0,Replaced,Replaced
69462246c5d9730f30df8f49f1cc1e83,1c4ef21a920146f193d3f7efb9e06964,PRO544,SLR544,0.0,Replaced,Replaced
76d449452dff60240f1b694b46d44bdb,7ffbdbabae4b45a9a17255b962d9419a,PRO746,SLR746,0.0,Replaced,Replaced
b6e1fc67adee494c3288b775cbae5227,ce3254e2c557463099064dbc335ce347,PRO006,SLR006,0.0,Replaced,Replaced
6a2928ab4a049ae96aef70dd00d5756e,6c490590df864945b52dd1aee5c58686,PRO437,SLR437,0.0,Replaced,Replaced
6e9b8fca06fec084296f7dc0e43461cd,a400ae8b101a4a5fb3e1c8444de87d10,PRO328,SLR328,0.0,Replaced,Replaced
19a88878097106f2e1dc6f056cba940f,833c1461ad3c47f2b55d9406b6c24623,PRO374,SLR374,0.0,Replaced,Replaced
6b6cca8d4b526e73b216c9ca31cf0268,35609623041440dca5071da1f1a8b40d,PRO525,SLR525,0.0,Replaced,Replaced
6f9bf4ab497406e0c55eb9eb7a3dcae6,758c14e6b34e4236ac9634848f929076,PRO248,SLR248,0.0,Replaced,Replaced
e6a667b8b4e8787c667b00724e884177,8dbaeb20db894f3cbd4182307855a8d7,PRO492,SLR492,0.0,Replaced,Replaced
f6bc6adf1c408945d9032cad7c5b07ce,2b7f8701b31a45408272f7e5d0d42a3c,PRO729,SLR729,0.0,Replaced,Replaced
642ea6e274946158dea23ad0087bff93,d69bc2db984f4016b14b77437555fc3b,PRO672,SLR672,1197.0,Not satisfied with Product Quality,Returned
dacb5451d8212730dc1a84aa53330a58,56515cc7e8c0492990a64abd61d61539,PRO068,SLR068,0.0,Replaced,Replaced
94b6d26a3b28fbbd1581ef1a4d3ba80d,7800119e835f48fc8830e365ff98f26e,PRO612,SLR612,1050.0,Found somewhere else at better deal.,Returned
5217800f8025b50bbddf0d58461486af,dd66e7f200314fc1aad7a64bc16e01b1,PRO898,SLR898,0.0,Replaced,Replaced
a567a1f09fbde841de5a5c80bc5c4b34,45b8ed0fca964b9aba9b88fc7203037c,PRO759,SLR759,0.0,Replaced,Replaced
c256ab3bcaf77d9695562a49f8be8a26,4afe100641784ce8ad4bf7d93229544e,PRO271,SLR271,0.0,Replaced,Replaced
ca843d205ec288c96c0133bc678c44e8,6568235a0ecd4c92915b6f52d19d3e0b,PRO644,SLR644,0.0,Replaced,Replaced
efe6d4dfee60757b66595c5fd2920f10,e1cc5239c66d4ac6bfd5f564f145d1d6,PRO666,SLR666,1795.0,False/Misguiding information regarding product.,Returned
1bbd44a5496d9d2e6a0278e5bcf3c441,4b57d2f5761c4041bea94b0b10b7ada9,PRO184,SLR184,0.0,Replaced,Replaced
0fa0372b06bb8a9e774500bd29dab06e,9d81d2165cff4716b81bc08505fa409b,PRO685,SLR685,0.0,Replaced,Replaced
480a3cf22a0de15e7eea10a10ff49f8a,ceacbe9c024249bc88f3ebe38b015ece,PRO153,SLR153,2650.0,Delievery took way too long.,Returned
a45f5764071ee5b932d1f802e18bafcf,a65fbb23a48344d3ada508e57bb4139e,PRO906,SLR906,0.0,Replaced,Replaced
b1057b71c52a710fc9f588bb5eb702d9,b4d3adcdb9ee43639ef0f38c1d3423d0,PRO302,SLR302,0.0,Replaced,Replaced
3ea2afb905927c34e0283d00eb811103,5965e1644c9a4511a7d3f10b83c781f5,PRO045,SLR045,0.0,Replaced,Replaced
bc0c038c0ef967afff713f0ada720cd7,caead0326b1946c79f7f23d67d8a28dc,PRO241,SLR241,0.0,Replaced,Replaced
87d28de656e647d923b2d821a32c79c4,148a5aa743fe4a4b9c53ec848311a09c,PRO378,SLR378,0.0,Replaced,Replaced
54d4c91139989884004cead3291a4a32,5db16b7f4133467d826cf46e71cf116d,PRO745,SLR745,0.0,Replaced,Replaced
83d75e259ccfb20c073dbf2a74dc8fb9,3e98dcfedee54d3f92f63287ca27c4ec,PRO799,SLR799,0.0,Replaced,Replaced
fd403165d4dc1a2b299386f1d45f181b,0d871b9072fa4a8e99d6ef675a8f8196,PRO476,SLR476,0.0,Replaced,Replaced
2573400a7beba401684ca3eca5e38936,8a768864e6ca48268cacf8d95fffc8db,PRO901,SLR901,0.0,Replaced,Replaced
039681a3b797611f717a3232e87f60ef,75a068c8531b409d8735fbae180b8adc,PRO215,SLR215,0.0,Replaced,Replaced
67730eb2f9468b8c6eb20a45dd477bbd,cef7f1000873462a937abff38e2a69f2,PRO128,SLR128,0.0,Replaced,Replaced
7d25548e9af30c1edc5c6c42690157b0,769ee8e54c5442c2bcdebe3335167ec2,PRO398,SLR398,0.0,Replaced,Replaced
049c19712aca2d6e4ddc43c83183cdf6,4859cd636a9c48ea8f10f1336331ed7e,PRO911,SLR911,0.0,Replaced,Replaced
6bdd13c1e2758ecdfa89cf84fef532bd,76f552557d364266acf2399d37b326cd,PRO119,SLR119,0.0,Replaced,Replaced
61bed2065e5b6ac35f5c04d33bf9d320,52b7508a9d284128a1ace39e783a6869,PRO438,SLR438,0.0,Replaced,Replaced
2fb597c2f772eca01b1f5c561bf6cc7b,b5d5ea2da3e14659863032053331fc98,PRO320,SLR320,0.0,Replaced,Replaced
594ede9623d6ce9f955be5b0fd0f0baa,efe19f3f6b7140bdb8f3a5c2cdbeff44,PRO113,SLR113,0.0,Replaced,Replaced
9202a540dd3900ebeb2ff790e949a54e,f1601e833d4f4469babc0b070abdd723,PRO485,SLR485,0.0,Replaced,Replaced
cef338e968dd35054b01bf8811b30779,f7feb08fe1fd4f8aba553d4ecdfb8380,PRO215,SLR215,0.0,Replaced,Replaced
d1d4d25a699e5209dbea9ab56e4379eb,6bf87e650b8742639949b84ff9141c17,PRO796,SLR796,0.0,Replaced,Replaced
66fda4a54fb43b9ec8ef4e032eaa7e54,17868ab9075e4f8e9b97de4cd8846903,PRO563,SLR563,0.0,Replaced,Replaced
ce68843ac7d40d4297c6d6c09ad5fd89,8b83d49a69494eaab2037b242ea15fe2,PRO017,SLR017,0.0,Replaced,Replaced
de694f11ec11e5fe9863ef978ebee3dc,2737044f076b45ce93d7330cc7de8469,PRO145,SLR145,0.0,Replaced,Replaced
54aba7d2489d6b8a6bc2fa1a54a1bb69,1781bd5e34f04399af10b8c692ceea84,PRO130,SLR130,0.0,Replaced,Replaced
19b8a677a41f55d06c3beda4849717b5,118aa36995b14e92916ca6277efc1c70,PRO828,SLR828,0.0,Replaced,Replaced
b56fe464457abdb77acc8dfc5ed9e205,502515386b7047c7b2cf6c9c192c42d1,PRO642,SLR642,0.0,Replaced,Replaced
9d3704763c7a62e8cc450c779bc811b3,648683c510d64bd0bd220e37693d2115,PRO336,SLR336,3495.0,Found somewhere else at better deal.,Returned
fd4109dbc7f1afb126fbcac13ec4f5b8,2a19bb629ced41d3904a95510623ead4,PRO528,SLR528,430.0,Not satisfied with Product Quality,Returned
c2339bbec3aaccee5dfb887e03903617,0baf595f9cdf4e43a1bc93200aba397d,PRO208,SLR208,0.0,Replaced,Replaced
731739da258b5bf19d913f4c7dc53a3f,724fa32c29b3423fa93fd63074a7814e,PRO676,SLR676,0.0,Replaced,Replaced
97d8971fa48ff1a5146f0bab9124382c,3a2010716e9841febca5086c6fc28cbb,PRO743,SLR743,0.0,Replaced,Replaced
28fa410eec232354726af94904c6fa9b,953d33fe3ad34c4d9baec1270b2b51e4,PRO415,SLR415,0.0,Replaced,Replaced
b6b3633f97c686d8e188ac6fa29ff20d,3f4b4f44fe2f4f51b985d1ae8326586c,PRO286,SLR286,0.0,Replaced,Replaced
775dfb31da346e5cf77c2fda51ae7bd4,205e79d5bd984abc9cfa72e008749320,PRO123,SLR123,0.0,Replaced,Replaced
6eb550fffe44d869e8985452540345ff,72f19038879040b088063c6dd0acf1de,PRO549,SLR549,0.0,Replaced,Replaced
26343e0890fb597a7d91a607455a44fa,c2cf67d52eef4d4c9c7e9da2ca4876a5,PRO082,SLR082,0.0,Replaced,Replaced
b54067c1de5c179e70ddaed8223bbf5f,bdc484abd10b476a91f0bfa53acd7562,PRO434,SLR434,0.0,Replaced,Replaced
a14f7f38d99c7aba5db1566db11660a2,bbc1e33efe1a4f5b8a10e81c137cac6e,PRO552,SLR552,370.0,NOT fresh product.,Returned
f93c490f3040a2c005e2f21d86559dc7,cffeabeecfe44122868ae0554c2e21ee,PRO527,SLR527,1515.0,Not satisfied with Product Quality,Returned
64c62ba0c1c347994fbc56da00ce2dae,98244e90c4b74a79bcf6ca0b8948d9ff,PRO108,SLR108,0.0,Replaced,Replaced
50aaee0222d8f029430e6be4270f235f,282c15bd420a42aeaa56dcfaf6bf641f,PRO488,SLR488,0.0,Replaced,Replaced
7182a10886eba11ded33e2656379e6d1,72bf832dde5a4aaa9a1fc5ccd081bd4d,PRO165,SLR165,720.0,NOT fresh product.,Returned
1c4cafd25254eee31c8c9b8c141fb10a,1249a0edca00427ea7208d06f96b0ea3,PRO438,SLR438,0.0,Replaced,Replaced
c3ef338cafe4112c78da13998b641c56,5edcaafa61c64eb98b836c2f42f04110,PRO463,SLR463,0.0,Replaced,Replaced
fc3d33c41b8d6238db849297f3e51555,8788141ef4664e018f25222d5c3fb048,PRO256,SLR256,0.0,Replaced,Replaced
091c0f9393510fe12cc5409a2601ff22,bfae79375c11497e8633123f00ca3ece,PRO787,SLR787,0.0,Replaced,Replaced
186fc1aa898961515ca374b0a320f6e8,c2336c5f6fa945e7a167abf03766e548,PRO717,SLR717,0.0,Replaced,Replaced
fd26a8e314b26ecd3011f9d6ec17e7c2,5e22a72f827a4519b2fabac780daac2a,PRO384,SLR384,0.0,Replaced,Replaced
0762fe35b71987563f8771eb6d14938f,02f5828f71aa43f0aefc4adc65d05efc,PRO722,SLR722,0.0,Replaced,Replaced
c6b834f817f95bd7f31d78814dbb14ac,30f669984084491aa999ef850f63073f,PRO214,SLR214,0.0,Replaced,Replaced
eb7ff80dafc8d0ed8bcba5b21aef9da7,b2e2112c503d4bf4b8404f4a3b880ab0,PRO299,SLR299,0.0,Replaced,Replaced
acfac8c9f94e0be9caa5f1a39e946840,7bfbbaa45dfd45a4b23ba66d42fb1671,PRO396,SLR396,0.0,Replaced,Replaced
8275a8137ae9dfb14ecb5307ea797413,97c6aa698bd64114b39b92700894a99d,PRO857,SLR857,0.0,Replaced,Replaced
44900db49b182f4c5488152220bed716,ebd8d49c4dc84b14b35c70b71c85ba71,PRO594,SLR594,0.0,Replaced,Replaced
ab3564822a24b5d7496a7ca54b0a2f62,d25e4b06ff844b94880d21be69a7bc53,PRO002,SLR002,0.0,Replaced,Replaced
3d9b5cf13225583103d0ce6b29cad9c4,3965358574074a69a070e3596094b4d1,PRO839,SLR839,0.0,Replaced,Replaced
3d6809371021cc510de4743748a1c235,ef8bcc2358864c1fa707c449875a4cae,PRO050,SLR050,0.0,Replaced,Replaced
1d251ab94983c4adb11e4b168abb1439,10657cf6a1274999a72ed73c03de08b9,PRO317,SLR317,0.0,Replaced,Replaced
234ea4333eec78d8e18bc801a916e1f4,ae7604e92efd4c889792e51261ace50c,PRO348,SLR348,0.0,Replaced,Replaced
bcc354647b3aa17143479db9c57f1ce9,f195da87a6fd44db85cfe9d48a1fe0fd,PRO746,SLR746,0.0,Replaced,Replaced
df2afb0d21253af8ac80fefed51bb52e,a2e0ae4c2cb84f93bcaeefed909b9af7,PRO706,SLR706,0.0,Replaced,Replaced
e29877e3cc2991e3842d677d5e865a09,638696c2bafe4b3d8a4c1167c14a0647,PRO188,SLR188,0.0,Replaced,Replaced
b43889e8181d41782f7b8489b1500fef,9dc5650544b142a982be698cbeea9f3a,PRO375,SLR375,0.0,Replaced,Replaced
e409123d7599a3a34c467521576b05fb,cf386c8e7a1d45ac87575f294a4a70fd,PRO909,SLR909,0.0,Replaced,Replaced
73eedc4ca4a789813a63fe30856c805f,bc207611f4fb4d7ebc59cc6d8de70069,PRO051,SLR051,0.0,Replaced,Replaced
b6fa3751148ad8ba139779f6543951d9,be9a0e8feb8348bfad576f1792e6905d,PRO444,SLR444,931.0,False/Misguiding information regarding product.,Returned
f19fb77bae3d3b3d2394eee444ad0e54,42c44ec434b346798824db32660ffe23,PRO442,SLR442,0.0,Replaced,Replaced
810b8bba6a2fb6419db87fe22a4299fe,52aebccd156a4d5f970ef07c22bb6d41,PRO487,SLR487,0.0,Replaced,Replaced
b18cb761efbe70da4838435a349abd07,7bea8584943b45838d23668b60a7b317,PRO360,SLR360,4939.0,Rotten/damaged product,Returned
490a106aa6e43aef35bf3ea7d14bd87f,90b2532c23eb40a69f365572674e4e91,PRO848,SLR848,0.0,Replaced,Replaced
413161628976daea9b5a74b5f93fe767,ded59e5b42eb49058e45626210f7ce19,PRO653,SLR653,0.0,Replaced,Replaced
0573bd213dab1f238af912e296c83944,0ba9165c9b9648de9eda6449dbc3cfd8,PRO071,SLR071,0.0,Replaced,Replaced
dd2e84f453b5bd5297babe45f1183f84,83c23f18ea614193bc1534cd771d1d3a,PRO074,SLR074,0.0,Replaced,Replaced
87a9c87504af54b4d4a686bad72a8e27,cf1abe2ee8ce4510b507c29495a62ec7,PRO761,SLR761,0.0,Replaced,Replaced
810c5451b24e7565d14608ed85dd3624,b8870362cf734827be1f8acdba78547d,PRO585,SLR585,0.0,Replaced,Replaced
9b60426b9711c8a0a8a1b1b37d3c451f,c7f250219c4e4eaf817b2b2e3a71f31a,PRO059,SLR059,0.0,Replaced,Replaced
d01e880670a9a8612c1ad4ce4b56eb26,cb59d66f15374ad7bbad09b740e65ee3,PRO647,SLR647,0.0,Replaced,Replaced
4ebc7efaeb93bd3bdb9eccaf404cd53a,8bd8653c241d49918ecc328b6b80e2ff,PRO197,SLR197,0.0,Replaced,Replaced
e05b2ef0e6f68745846dba198590cb80,5a6bb65f01884a91a0891f8b8ac5ae00,PRO057,SLR057,0.0,Replaced,Replaced
2b7e04dafad49a3e4eb2ee14ad07485a,f97ff04112d64681b40c79cda869535f,PRO238,SLR238,0.0,Replaced,Replaced
718cb93721e3506215a31dae8d73074a,afdf692bd2a04b12a7e3145ea4d4b13a,PRO208,SLR208,0.0,Replaced,Replaced
